Event,Rows,Informative Rate,Informative Accuracy,Informative F1,Informative F2,Informative MCC,Supported Humanitarian Classes,Humanitarian Accuracy,Humanitarian Macro F1 (present classes),Humanitarian Weighted F1,Disagreement Rate,Review Precision,Review Recall,Review F1,Review Rate
hurricane_harvey,523,0.632887,0.707457,0.81227,0.915376,0.372712,7,0.546845,0.461527,0.566716,0.556405,0.730769,0.32646,0.451306,0.248566
hurricane_irma,523,0.667304,0.690249,0.80622,0.894849,0.192712,7,0.573614,0.388111,0.584236,0.609943,0.798319,0.297806,0.43379,0.227533
hurricane_maria,471,0.58811,0.658174,0.772277,0.887516,0.307766,8,0.583864,0.369928,0.596951,0.547771,0.790476,0.321705,0.4573,0.22293
california_wildfires,184,0.690217,0.717391,0.830065,0.924309,0.249473,7,0.445652,0.358422,0.451962,0.641304,0.72093,0.262712,0.385093,0.233696
mexico_earthquake,151,0.668874,0.682119,0.808,0.913201,0.164664,8,0.496689,0.361815,0.545819,0.523179,0.660377,0.443038,0.530303,0.350993
srilanka_floods,119,0.268908,0.705882,0.646465,0.820513,0.534293,7,0.773109,0.460333,0.802999,0.344538,0.666667,0.341463,0.451613,0.176471
iraq_iran_earthquake,61,0.688525,0.688525,0.815534,0.917031,0.0,6,0.377049,0.345755,0.370168,0.639344,0.84,0.538462,0.65625,0.409836
