{
  "method": "Sensitivity analysis with canonical fusion weights and thresholds locked; no model fitting, selection, or retuning on robust rows.",
  "canonical_rows": 2169,
  "robust_rows": 2032,
  "additional_rows_excluded": 137,
  "canonical_positive_rate": 0.6274781005071461,
  "robust_positive_rate": 0.6195866141732284,
  "canonical_metrics": {
    "informative": {
      "Accuracy": 0.6947902259105578,
      "Balanced Accuracy": 0.5943694938928132,
      "Precision": 0.6755399296835761,
      "Recall": 0.988243938280676,
      "F1": 0.8025059665871122,
      "F2": 0.9045057162071285,
      "MCC": 0.3324686756137879,
      "Average Precision": 0.891343019982213
    },
    "humanitarian": {
      "Accuracy": 0.5569386814200092,
      "Macro F1": 0.40046588742023737,
      "Weighted F1": 0.5776191031206683
    },
    "manual_review": {
      "Accuracy": 0.557860765329645,
      "Balanced Accuracy": 0.5938015426409237,
      "Precision": 0.7532467532467533,
      "Recall": 0.32954545454545453,
      "F1": 0.45849802371541504,
      "F2": 0.3713188220230474,
      "MCC": 0.2150438075273094,
      "Average Precision": 0.7092133116881765,
      "Review Rate": 0.24850161364684187
    }
  },
  "robust_metrics": {
    "informative": {
      "Accuracy": 0.6899606299212598,
      "Balanced Accuracy": 0.5964918049294754,
      "Precision": 0.6693591814754981,
      "Recall": 0.9872915011914217,
      "F1": 0.7978177150192555,
      "F2": 0.9016393442622951,
      "MCC": 0.33396277543289393,
      "Average Precision": 0.8875936680769382
    },
    "humanitarian": {
      "Accuracy": 0.5575787401574803,
      "Macro F1": 0.39081573026656724,
      "Weighted F1": 0.5788784715971195
    },
    "manual_review": {
      "Accuracy": 0.5605314960629921,
      "Balanced Accuracy": 0.5945476386229034,
      "Precision": 0.7540322580645161,
      "Recall": 0.3266375545851528,
      "F1": 0.4558196221815966,
      "F2": 0.3684003152088258,
      "MCC": 0.21832767473391293,
      "Average Precision": 0.7057741016720831,
      "Review Rate": 0.2440944881889764
    }
  },
  "informative_f2_gain_over_always_positive": {
    "canonical": 0.010605716207128468,
    "robust": 0.011039344262295137
  }
}